-- 사원 릴레이션
CREATE TABLE 사원 (
    사번      INT          PRIMARY KEY,
    이름      VARCHAR(20)  NOT NULL,
    입사일    DATE         NOT NULL,
    호봉      INT          NOT NULL DEFAULT 10,
    휴대폰    VARCHAR(20)  UNIQUE
);

INSERT INTO "사원" ("사번", "이름", "입사일", "호봉", "휴대폰") VALUES
(1101, '김정아', '2022-03-31', 20, '010-5052-7075'),
(1102, '이민수', '2021-07-15', 18, '010-2244-8899'),
(1103, '박서준', '2020-11-02', 22, '010-7788-1234'),
(1104, '최유진', '2023-01-10', 15, '010-3333-9090'),
(1105, '정하늘', '2019-05-21', 25, '010-9876-5432'),
(1106, '오지훈', '2022-09-05', 17, '010-6421-3388'),
(1107, '한소영', '2020-04-18', 21, '010-1198-7766'),
(1108, '강민재', '2021-12-03', 19, '010-4567-2310'),
(1109, '윤서연', '2023-06-12', DEFAULT, '010-7822-9041'),
(1110, '조현우', '2020-08-27', DEFAULT, '010-3159-6672');

SELECT * FROM 사원;

-- 부서 릴레이션
CREATE TABLE 부서 (
    부서번호  INT          PRIMARY KEY,
    부서명    VARCHAR(10)  NOT NULL DEFAULT '인사부',
    부서장    INT          UNIQUE,
    사무실    VARCHAR(4)   NOT NULL UNIQUE,
    전화번호  VARCHAR(13)  UNIQUE
);

INSERT INTO 부서 (부서번호, 부서명, 부서장, 사무실, 전화번호) VALUES
(10, '총무부', 1101, '101호', '02-1111-1000'),
(20, '인사부', 1102, '102호', '02-1111-2000'),
(30, '영업부', 1103, '201호', '02-1111-3000'),
(40, '개발부', 1104, '202호', '02-1111-4000'),
(50, '기획부', 1105, '301호', '02-1111-5000');

TABLE 부서; -- SELECT + FROM 부서;

-- 근무하 릴레이션
CREATE TABLE 근무하 (
    사번      INT          REFERENCES 사원(사번),
    부서번호  INT          REFERENCES 부서(부서번호),
    직책      VARCHAR(10)  NOT NULL,

    PRIMARY KEY (사번, 부서번호)
);

INSERT INTO 근무하 (사번, 부서번호, 직책) VALUES
(1101, 10, '부장'),
(1102, 20, '과장'),
(1103, 30, '대리'),
(1104, 40, '사원'),
(1105, 50, '차장'),
(1106, 10, '대리'),
(1107, 20, '사원'),
(1108, 30, '과장'),
(1109, 40, '사원'),
(1110, 50, '부장');

SELECT * FROM 근무하다
WHERE 직책 = '사원';
